model,alpha,compressed_dim,MSE,MAE,Pearson,Spearman
twin_cd32_alpha0.5,0.5,32,0.06827796,0.19828127,0.7739103523529315,0.8145332197570283
twin_cd32_alpha0.75,0.75,32,0.07194989,0.20090592,0.7737558168101306,0.8185412207400705
twin_cd32_alpha1.0,1.0,32,0.0823145,0.21508794,0.7481082888099924,0.7984474115173139
twin_cd32_alpha3.0,3.0,32,0.15384948,0.2986861,0.6474537377469103,0.7622058651865377
twin_cd32_baseline,0.0,32,0.07199569,0.20338981,0.7309560461589665,0.7750219612082823
